epoch,train_loss,l_normal,l_scl,val_loss,lr
0,3.419171,0.700596,2.718575,0.565702,1.00e-08
1,0.071584,0.048702,0.022882,0.025970,1.00e-05
2,0.038638,0.028041,0.010596,0.021320,2.00e-05
3,0.031526,0.022576,0.008950,0.019977,1.92e-05
4,0.028127,0.019495,0.008632,0.016488,1.71e-05
5,0.025731,0.017309,0.008422,0.014103,1.39e-05
6,0.023551,0.015524,0.008027,0.013151,1.01e-05
7,0.021964,0.014245,0.007720,0.012627,6.24e-06
8,0.020945,0.013369,0.007576,0.011726,3.01e-06



