epoch,train_loss,train_acc,val_loss,val_acc,lr
0,0.359362,88.5156,0.215914,93.2578,1.00e-03
1,0.083676,97.1641,0.030952,98.9453,5.01e-04
